Id,FirstName,LastName,DepartmentId
1,Garrett,Johnson,1
2,Ramona,Leach,4
3,Deborah,Keller,3
4,Sharon,Drake,1
5,Zephania,Lancaster,4
6,Lana,Singleton,5
7,Acton,Horton,2
8,TaShya,Miles,1
9,Leo,Battle,3
10,Unity,Mooney,4
11,Marcia,Palmer,5
12,Alexander,Lambert,5
13,Althea,Rich,3
14,Sybil,Ball,1
15,Felicia,Sears,3
16,Preston,Ratliff,2
17,Davis,Cardenas,3
18,Arsenio,Mathis,3
19,Ori,Olson,2
20,Vielka,Pope,2
21,Lucian,Savage,1
22,Halee,Potts,4
23,Ali,Prince,3
24,Marvin,Morales,2
25,Benedict,Blair,3
26,Philip,Wilkins,1
27,Echo,Head,3
28,Keefe,Salazar,1
29,Kamal,Buckley,3
30,Burke,Gentry,5
31,Holmes,Watson,2
32,Cruz,Acosta,1
33,Alexa,Pierce,4
34,Hoyt,Vincent,2
35,Hamish,Castaneda,3
36,Stephanie,Puckett,2
37,Aline,Bright,1
38,Rigel,Harmon,4
39,Zephania,Lewis,1
40,Anastasia,Graham,4
41,Neville,Owen,3
42,Bernard,Dominguez,2
43,Carl,Brooks,5
44,Leo,Cruz,3
45,Stewart,Gibbs,1
46,Reese,Deleon,4
47,Zoe,Swanson,1
48,Kelly,Deleon,3
49,Alisa,Newman,4
50,Jessamine,Sosa,3
51,Robert,Atkinson,3
52,Tucker,Stafford,3
53,Jayme,Thompson,2
54,Jaquelyn,Hendrix,2
55,Rafael,Valenzuela,3
56,Halee,Hardin,3
57,Xanthus,Jarvis,3
58,Lionel,Mooney,4
59,Otto,Gilmore,3
60,Phillip,Carson,2
61,Nora,Berg,4
62,Giacomo,Alvarez,2
63,Palmer,Wheeler,3
64,Mona,Franklin,4
65,Chaney,Tate,4
66,Kevyn,Marquez,1
67,Keelie,Henry,4
68,Reuben,Tanner,1
69,Norman,Flores,5
70,Claudia,Webster,1
71,Harding,Bentley,4
72,Brian,Paul,3
73,Glenna,Gallegos,1
74,Carol,Holden,2
75,Deacon,Garza,1
76,Oleg,Mcclain,1
77,Uriah,Justice,3
78,Maggy,Rowe,5
79,Leigh,Benson,3
80,Cade,Guy,5
81,Theodore,Melendez,2
82,Sybill,Whitney,2
83,Nita,Murphy,5
84,Basil,Snyder,4
85,Amos,Hopkins,1
86,Chandler,Butler,5
87,Joelle,Donaldson,4
88,Cailin,Dominguez,2
89,Gisela,Leblanc,1
90,Lillian,Parker,5
91,Henry,Bush,3
92,Kaye,Nelson,3
93,Warren,Buckner,3
94,Shad,Reed,3
95,Axel,Molina,3
96,Taylor,Buck,5
97,Neve,Chen,3
98,Halee,Ayala,2
99,Halee,Rosa,5
100,Philip,Dunlap,4